{
    "type": "Feature",
    "properties": {
        "mag": 1.29,
        "place": "10km SSW of Idyllwild, CA",
        "time": 1388620296020,
        "updated": 1457728844428,
        "tz": -480,
        "url": "https://earthquake.usgs.gov/earthquakes/eventpage/ci11408890",
        "detail": "https://earthquake.usgs.gov/fdsnws/event/1/query?eventid=ci11408890&format=geojson",
        "felt": null,
        "cdi": null,
        "mmi": null,
        "alert": null,
        "status": "reviewed",
        "tsunami": 0,
        "sig": 26,
        "net": "ci",
        "code": "11408890",
        "ids": ",ci11408890,",
        "sources": ",ci,",
        "types": ",cap,focal-mechanism,general-link,geoserve,nearby-cities,origin,phase-data,scitech-link,",
        "nst": 39,
        "dmin": 0.067290000000000003,
        "rms": 0.089999999999999997,
        "gap": 51,
        "magType": "ml",
        "type": "earthquake",
        "title": "M 1.3 - 10km SSW of Idyllwild, CA"
    },
    "geometry": {
        "type": "Point",
        "coordinates": [
            -116.7776667,
            33.663333299999998,
            11.007999999999999
        ]
    },
    "id": "ci11408890"
}
